x,y,z_i,q_i,on_hull
21.6816,20.7213,5,1,0
3.71803,18.9454,7,-1,0
6.75925,33.4602,6,0,0
37.0017,14.9398,6,-2,1
8.72791,18.7481,6,0,0
18.5148,28.9285,6,0,0
19.4941,6.20055,6,0,0
6.02893,32.1327,6,0,0
9.1814,33.9429,6,0,0
20.6327,7.70575,6,0,0
33.2814,32.8625,6,0,0
8.42211,10.5298,6,0,0
29.44,22.1782,6,0,0
28.0188,6.76314,4,2,0
26.4349,12.4731,5,1,0
1.82874,27.336,6,0,0
8.09125,32.4397,7,-1,0
7.10741,9.44432,5,-1,1
29.0939,24.0375,6,0,0
10.9356,10.8714,6,0,0
19.9201,41.2822,5,1,0
19.7132,36.2876,6,0,0
6.45177,12.9097,6,0,0
25.6494,8.94249,6,0,0
6.33961,35.3006,5,1,0
31.0265,30.1853,5,1,0
22.6544,4.37716,5,-1,1
27.9999,15.2704,6,0,0
29.1592,7.33617,5,1,0
7.59397,11.8341,6,0,0
12.3379,23.8819,6,0,0
9.87194,9.72613,6,0,0
20.8849,12.1253,6,0,0
8.19866,36.7353,4,2,0
19.3841,30.053,6,0,0
23.7992,13.5222,6,0,0
27.5438,11.4488,7,-1,0
20.127,16.4832,6,0,0
8.20261,20.3778,6,0,0
9.14149,21.9004,7,-1,0
5.86501,17.2934,6,0,0
17.0834,21.3966,5,1,0
29.3733,34.7304,7,-1,0
24.7175,26.2388,7,-1,0
34.7052,27.1456,6,0,0
24.7741,21.1563,6,0,0
7.14722,18.6328,6,0,0
14.9676,39.2569,7,-1,0
18.4755,33.331,6,0,0
21.6719,10.8238,6,0,0
18.9648,23.0243,6,0,0
6.20707,23.4614,7,-1,0
25.0126,38.9033,6,0,0
36.6737,23.772,6,0,0
25.0379,32.5003,7,-1,0
22.6299,6.54787,6,0,0
13.9293,33.3665,6,0,0
27.1522,30.1391,5,1,0
14.0982,31.5593,6,0,0
28.706,29.2685,6,0,0
36.6559,22.1774,7,-1,0
26.4056,14.9992,6,0,0
11.0404,14.431,6,0,0
37.5783,28.3495,7,-3,1
6.71477,10.7315,4,2,0
21.2072,35.0631,6,0,0
8.83938,37.7079,6,-2,1
6.87104,36.457,6,-2,1
9.76876,20.0487,6,0,0
26.9584,36.6342,6,0,0
33.4527,23.2033,6,0,0
19.1071,4.76229,5,1,0
21.2373,17.9114,6,0,0
14.03,40.2548,4,2,0
26.5499,38.2727,7,-1,0
17.7968,15.2554,6,0,0
20.258,13.6381,6,0,0
34.1488,17.2943,5,1,0
32.9992,18.2256,7,-1,0
10.4209,22.8486,6,0,0
25.6819,40.1035,4,2,0
33.647,19.7695,6,0,0
16.4597,36.6005,6,0,0
7.57707,17.147,6,0,0
29.6733,17.1085,6,0,0
29.0592,39.0105,4,2,0
33.4678,30.0085,5,1,0
22.6644,36.4255,6,0,0
3.92947,31.4058,3,3,0
15.4087,8.22143,6,0,0
6.13555,29.66,6,0,0
2.78707,15.2587,6,-2,1
24.5837,15.0571,6,0,0
22.4583,28.5775,7,-1,0
22.593,30.4366,6,0,0
9.88563,38.3313,4,2,0
15.828,20.295,6,0,0
26.8569,39.9846,4,2,0
13.2786,14.9546,5,1,0
21.0569,41.8149,5,-1,1
7.77958,23.1975,5,1,0
25.426,24.3701,6,0,0
3.15659,20.524,6,0,0
5.10775,26.4422,6,0,0
32.2019,13.2797,5,1,0
18.1609,24.3787,6,0,0
21.2561,15.206,6,0,0
14.612,5.61761,4,2,0
26.2247,33.7804,6,0,0
23.6904,31.662,6,0,0
31.2142,10.6659,7,-1,0
28.7793,25.5082,6,0,0
12.5367,13.6171,7,-1,0
9.36461,8.38926,4,2,0
1.92933,19.8854,5,1,0
21.7213,39.7085,8,-2,0
9.21563,23.7031,6,0,0
30.7969,18.1491,6,0,0
28.534,10.0522,5,1,0
18.4714,16.6221,6,0,0
23.1771,21.1097,6,0,0
14.9993,36.0299,6,0,0
31.5211,8.1984,6,-2,1
15.2618,25.3645,6,0,0
11.9658,22.4139,5,1,0
13.2859,38.3312,7,-1,0
34.7486,33.383,4,2,0
15.4787,17.4282,6,0,0
3.04622,24.272,7,-1,0
8.31376,15.825,6,0,0
29.9736,38.2092,5,1,0
22.7646,34.8246,6,0,0
5.46689,18.8512,6,0,0
30.5765,20.0046,6,0,0
30.855,37.3287,4,2,0
34.7738,11.8958,5,1,0
19.7943,24.7425,6,0,0
35.079,25.4608,6,0,0
19.3601,37.9076,7,-1,0
23.9328,37.5705,6,0,0
27.1558,5.88255,6,-2,1
13.9692,17.8347,6,0,0
28.2749,37.6596,7,-1,0
4.14855,13.3247,4,2,0
27.7899,18.4124,5,1,0
34.8513,18.8625,6,0,0
26.6396,16.6035,6,0,0
24.076,8.39543,6,0,0
27.5881,26.6806,6,0,0
27.3404,24.6684,7,-1,0
3.89026,14.5303,4,2,0
13.7365,12.6781,6,0,0
27.0678,8.02877,6,0,0
18.5375,35.009,6,0,0
32.5279,35.9807,4,2,0
10.871,33.5383,6,0,0
24.4568,10.107,6,0,0
22.4079,23.959,6,0,0
17.7251,6.40739,7,-1,0
19.4762,15.0762,6,0,0
18.7853,7.59222,6,0,0
12.3784,27.2444,6,0,0
14.7612,15.94,6,0,0
25.8181,19.7832,6,0,0
16.5016,11.0727,6,0,0
13.3823,19.5732,6,0,0
30.6851,12.4889,7,-1,0
20.1741,4.99141,4,2,0
33.483,35.2477,4,2,0
21.1332,6.2288,6,0,0
13.8028,24.5655,6,0,0
15.7836,29.9735,5,1,0
22.9805,15.0938,6,0,0
3.28654,30.5268,5,1,0
15.6539,12.9417,6,0,0
19.6333,9.00192,5,1,0
5.02317,33.4271,6,0,0
24.2622,35.802,6,0,0
6.65204,20.1497,6,0,0
24.0867,19.7173,6,0,0
21.176,9.36964,6,0,0
8.5257,28.1786,5,1,0
22.4814,38.1748,6,0,0
5.58141,11.2434,5,-1,1
29.4931,15.3939,6,0,0
15.6133,22.1465,6,0,0
17.0366,28.7765,5,1,0
16.9596,26.0087,6,0,0
13.1524,16.582,6,0,0
21.805,22.3383,6,0,0
10.8358,26.0318,6,0,0
15.7601,31.3997,6,0,0
36.8485,29.3603,4,2,0
29.272,13.7838,6,0,0
19.966,39.6534,6,0,0
7.1431,31.0896,6,0,0
11.8898,37.5085,7,-1,0
24.144,6.78019,6,0,0
5.08667,30.8276,7,-1,0
17.5388,30.4014,7,-1,0
14.9509,9.89851,6,0,0
4.17717,32.5622,7,-3,1
9.23526,25.2852,6,0,0
20.6208,19.6032,6,0,0
23.3204,11.2455,5,1,0
17.471,12.3787,6,0,0
13.3725,36.5469,6,0,0
1.58722,23.622,4,2,0
37.4669,18.6406,4,2,0
23.1743,33.2732,6,0,0
10.7629,21.2466,6,0,0
21.3956,4.5028,6,0,0
30.6029,33.742,6,0,0
1.63735,21.1825,4,2,0
12.3071,18.383,6,0,0
36.546,20.5314,6,0,0
23.0115,17.9758,6,0,0
13.8693,26.2623,6,0,0
17.214,22.9603,7,-1,0
7.41204,21.7594,6,0,0
10.4089,36.734,6,0,0
36.6416,25.2847,7,-1,0
16.9072,13.8446,6,0,0
22.2834,41.4365,4,2,0
21.3081,24.9504,6,0,0
31.922,17.0304,6,0,0
15.144,23.4934,6,0,0
17.859,38.0699,6,0,0
12.4548,11.5175,6,0,0
11.3126,29.3093,5,1,0
16.0562,15.2391,6,0,0
35.0239,23.9095,6,0,0
9.00637,30.9136,6,0,0
26.3946,23.1302,6,0,0
17.3698,32.0072,6,0,0
31.9699,22.611,6,0,0
36.9011,16.2738,4,2,0
23.6504,16.6313,6,0,0
38.5359,22.3017,5,1,0
18.0774,36.5212,6,0,0
4.78242,15.8,7,-1,0
22.4582,19.3317,6,0,0
24.7221,5.53726,4,2,0
30.2361,7.86374,4,2,0
16.9454,35.1013,6,0,0
29.2937,32.5022,6,0,0
11.1677,6.75046,5,1,0
30.4892,25.0468,6,0,0
11.2502,17.2273,6,0,0
4.75568,12.2268,5,-1,1
32.6029,8.93898,5,-1,1
19.7227,18.17,6,0,0
20.2536,21.4604,7,-1,0
3.72879,27.5891,6,0,0
5.47913,14.3002,7,-1,0
18.1319,18.2283,6,0,0
4.9228,20.2894,6,0,0
28.783,27.6132,6,0,0
9.52725,11.6849,7,-1,0
33.7019,13.0847,7,-1,0
22.642,25.8518,6,0,0
30.7822,14.1645,6,0,0
25.54,13.7278,6,0,0
7.22658,14.3638,6,0,0
21.1576,36.7395,6,0,0
23.4127,40.937,4,2,0
4.72082,23.1617,6,0,0
11.3423,12.5567,6,0,0
16.847,33.5335,6,0,0
13.6581,22.8283,7,-1,0
23.371,22.8301,6,0,0
31.8208,36.8457,8,-4,1
11.7796,15.787,6,0,0
20.4038,28.4307,7,-1,0
12.5652,7.79162,7,-1,0
25.227,16.5702,6,0,0
20.0689,32.5859,6,0,0
2.83975,16.5052,4,2,0
30.7129,31.7925,6,0,0
36.2689,26.9106,6,0,0
5.91202,21.7711,6,0,0
31.8118,32.7522,5,1,0
32.664,27.6833,6,0,0
29.2637,18.8989,7,-1,0
28.7634,12.395,5,1,0
32.2685,20.8536,6,0,0
34.1477,14.5312,6,0,0
21.9526,16.5733,6,0,0
34.9989,20.6826,7,-1,0
28.1331,31.3712,7,-1,0
18.7457,41.1061,4,2,0
20.8487,38.212,5,1,0
21.2421,29.6135,5,1,0
16.5378,9.49617,6,0,0
12.7904,28.8821,6,0,0
10.8698,38.9891,5,-1,1
35.0847,15.7781,7,-1,0
31.135,27.5866,5,1,0
10.1134,16.0144,6,0,0
17.5122,27.3596,7,-1,0
37.4862,27.1044,4,2,0
23.6705,5.11708,5,1,0
28.5219,8.44991,7,-1,0
18.608,13.6542,6,0,0
19.8674,10.5397,7,-1,0
17.911,4.42643,6,-2,1
34.0422,28.5285,6,0,0
20.366,26.3485,6,0,0
6.13373,25.0511,5,1,0
18.9039,31.5719,6,0,0
30.546,23.3704,6,0,0
24.8196,22.7771,6,0,0
37.5043,17.4027,6,0,0
2.02458,18.6797,4,2,0
15.5553,26.892,6,0,0
11.0075,8.65628,7,-1,0
12.1618,9.64787,6,0,0
25.6992,29.1004,7,-1,0
35.9521,31.4649,4,2,0
1.2512,24.9771,6,-2,1
27.4447,19.911,7,-1,0
12.6627,32.219,6,0,0
6.47541,15.7332,6,0,0
8.19474,8.77264,7,-1,0
14.0499,27.9681,6,0,0
35.7122,17.2861,6,0,0
12.3144,34.0179,6,0,0
23.5308,39.465,6,0,0
9.63779,29.2653,7,-1,0
22.2869,8.09352,7,-1,0
11.9882,39.1777,4,2,0
24.4983,28.0713,6,0,0
29.8868,26.6026,6,0,0
38.0103,26.0604,4,2,0
24.7116,12.1766,7,-1,0
4.23541,21.6353,5,1,0
33.0782,10.1631,5,1,0
4.30384,29.2175,7,-1,0
18.6463,21.4673,6,0,0
1.07418,22.3715,7,-3,1
18.1759,10.8926,6,0,0
22.5578,12.5167,6,0,0
35.8351,14.2001,4,2,0
26.3158,21.5036,6,0,0
19.1457,19.8412,6,0,0
13.6767,8.84193,6,0,0
38.5062,19.7792,7,-3,1
7.85465,34.6486,7,-1,0
31.9967,24.3596,6,0,0
21.9045,13.8467,6,0,0
13.585,10.5819,6,0,0
17.1374,7.9943,6,0,0
28.5147,36.0456,5,1,0
36.3162,19.0056,6,0,0
26.2327,25.7441,5,1,0
5.81489,34.2081,3,3,0
12.7849,21.0932,6,0,0
31.725,26.0697,7,-1,0
34.352,34.4545,6,-2,1
33.6522,21.5418,6,0,0
15.3792,32.8528,6,0,0
14.2209,7.14214,6,0,0
16.5058,24.425,5,1,0
27.337,28.431,6,0,0
18.1641,9.33105,6,0,0
19.2267,27.5137,5,1,0
31.9398,19.2869,5,1,0
26.2701,18.1913,6,0,0
27.4646,34.8856,6,0,0
19.1827,12.0972,6,0,0
3.47868,25.9517,6,0,0
16.8129,5.05863,4,2,0
30.0907,9.45751,6,0,0
25.9548,5.47425,5,-1,1
33.4031,26.2385,5,1,0
17.5154,41.4841,7,-3,1
9.12677,35.674,6,0,0
8.15645,26.5717,6,0,0
2.00978,17.4432,6,-2,1
25.4038,37.1081,6,0,0
16.014,6.69373,7,-1,0
12.1603,5.84841,6,-2,1
25.7465,7.26723,7,-1,0
33.2142,16.0118,6,0,0
15.5053,28.4419,6,0,0
12.3959,25.5773,6,0,0
12.8293,40.1578,5,-1,1
30.8581,35.3104,7,-1,0
7.65081,24.8764,7,-1,0
12.548,30.531,7,-1,0
22.8994,9.60195,6,0,0
11.1603,31.9835,5,1,0
27.8946,23.0801,5,1,0
35.7043,12.9103,6,-2,1
27.006,32.544,5,1,0
14.6628,14.1256,7,-1,0
20.6954,31.0889,6,0,0
38.6287,24.8173,7,-3,1
33.5037,24.8186,6,0,0
28.2848,33.5648,6,0,0
28.1711,16.8907,6,0,0
12.0228,35.7495,6,0,0
38.0321,21.0425,4,2,0
9.66619,27.0368,6,0,0
32.2853,34.3507,7,-1,0
23.7126,29.4316,6,0,0
36.7743,30.5484,5,-1,1
13.6703,34.8872,6,0,0
21.6519,27.2231,6,0,0
25.7543,10.8928,6,0,0
23.9149,24.7288,6,0,0
3.02549,22.623,7,-1,0
16.3991,40.8767,4,2,0
9.62981,32.3974,6,0,0
15.0796,41.1136,5,-1,1
27.5282,13.6486,7,-1,0
29.9193,36.6763,6,0,0
10.8218,24.476,6,0,0
10.6259,35.0442,6,0,0
14.1355,29.8808,7,-1,0
8.30791,13.2176,6,0,0
14.7297,37.624,6,0,0
11.6293,19.9528,6,0,0
29.4686,30.6288,6,0,0
17.5826,19.9008,6,0,0
33.6514,11.271,4,2,0
1.93684,26.0889,4,2,0
24.8314,30.4943,5,1,0
32.3,14.879,7,-1,0
9.34777,17.3215,6,0,0
21.4412,33.4287,6,0,0
14.3684,21.1435,6,0,0
15.4553,34.5146,6,0,0
38.0252,23.5042,4,2,0
24.7001,40.9136,8,-4,1
6.72618,26.611,6,0,0
15.605,4.75019,6,-2,1
26.1273,31.2838,6,0,0
30.7867,21.5051,6,0,0
23.4292,27.1109,5,1,0
16.837,39.5605,6,0,0
35.1093,30.097,7,-1,0
13.4061,5.84086,5,1,0
9.21379,14.6342,6,0,0
4.26809,17.4101,6,0,0
35.1246,22.3883,6,0,0
22.032,31.962,6,0,0
18.6026,25.9364,6,0,0
35.7603,28.5663,6,0,0
30.1845,28.743,7,-1,0
18.4241,39.6523,6,0,0
28.0839,39.8085,6,-2,1
4.57807,24.6954,6,0,0
34.1446,31.5663,7,-1,0
7.93575,29.7014,6,0,0
24.5335,34.131,6,0,0
2.65856,28.2918,4,2,0
24.6321,18.2279,6,0,0
14.9057,19.1518,6,0,0
10.8837,27.8249,6,0,0
16.2217,38.1295,5,1,0
32.423,31.0806,7,-1,0
25.7626,35.302,6,0,0
26.9816,9.82324,6,0,0
16.8917,16.8305,6,0,0
19.9032,34.2659,6,0,0
20.5498,23.2434,6,0,0
29.6176,11.1742,6,0,0
6.92715,28.2861,6,0,0
2.35418,29.62,6,-2,1
10.5598,18.6379,6,0,0
35.6014,32.5835,5,-1,1
5.32486,28.0609,6,0,0
29.0286,20.4675,6,0,0
27.9061,21.5816,6,0,0
16.6308,18.6483,6,0,0
30.96,15.8759,5,1,0
32.4035,11.7154,6,0,0
26.0281,27.3854,6,0,0
10.1899,7.53844,4,2,0
9.93893,13.1597,5,1,0
10.6881,30.6654,6,0,0
32.0746,29.0777,7,-1,0
14.9719,11.5394,5,1,0
